customer_id,name,email,country,signup_date,tier
1,Allison Hill,donaldgarcia@example.net,Uganda,2025-10-23,Bronze
2,Javier Johnson,jesseguzman@example.net,Congo,2025-10-22,Bronze
3,Jerry Ramirez,blakeerik@example.com,Guam,2023-07-15,Gold
4,Tyler Rogers,jamesmichael@example.com,Netherlands,2023-06-03,Silver
5,Monica Herrera,smiller@example.net,Niger,2024-03-31,Silver
6,Michele Williams,kendragalloway@example.org,Tonga,2022-01-11,Silver
7,Jesse Flowers,mitchellclark@example.com,Reunion,2021-10-11,Bronze
8,Carolyn Daniel,stevennelson@example.net,Portugal,2025-11-28,Bronze
9,Frederick Tate,perezantonio@example.com,Iran,2023-06-13,Platinum
10,Thomas Bradley,jason76@example.net,Kuwait,2022-05-21,Bronze
11,David Hoffman,julie69@example.com,Guyana,2023-01-14,Bronze
12,Brenda Snyder PhD,hernandezernest@example.net,Jamaica,2021-09-17,Bronze
13,Kyle Mcdonald,tasha01@example.net,Turks and Caicos Islands,2025-09-27,Silver
14,Patricia Peterson,ryan70@example.net,Turkey,2023-05-31,Silver
15,Pamela Romero,harrellkenneth@example.net,Madagascar,2022-11-11,Bronze
16,Phillip Ryan,georgetracy@example.org,Vanuatu,2024-04-04,Silver
17,Sandra Parker,allenashley@example.org,Belize,2025-04-21,Platinum
18,Vanessa Patel,davidalvarez@example.net,Chad,2023-06-05,Silver
19,Lisa Brandt,jenniferross@example.net,Pakistan,2024-05-07,Platinum
20,Joseph Martinez,calebsmith@example.net,Denmark,2023-01-17,Gold
21,Michael Brown,whiteheadmichele@example.org,Malaysia,2023-03-13,Bronze
22,John Ryan,esanchez@example.com,Comoros,2021-12-22,Silver
23,Jeffrey Henderson,dshields@example.net,Palau,2022-01-03,Platinum
24,Nicholas Mcbride,wrightjames@example.com,Burundi,2024-10-04,Gold
25,Joel Baxter,ramosmichelle@example.net,Bolivia,2021-08-08,Gold
26,Kimberly Smith,housemelinda@example.org,Ireland,2025-04-20,Silver
27,Dr. Steven Martin,gallowayjoseph@example.com,France,2024-10-08,Silver
28,Monica Logan,smoore@example.org,Azerbaijan,2026-02-05,Gold
29,Amy Edwards,silvawesley@example.net,Cayman Islands,2021-08-27,Bronze
30,Angela Lopez,leonardjoe@example.org,Western Sahara,2026-01-06,Bronze
31,Kristopher Harvey,ksandoval@example.net,Germany,2023-05-23,Platinum
32,Mike Allen,panderson@example.com,Kuwait,2023-11-11,Bronze
33,Taylor Smith,jonesjason@example.com,Bulgaria,2024-02-21,Gold
34,Sherry Wood,samueldaniels@example.com,New Zealand,2025-09-02,Gold
35,Robert Evans,mcmillandennis@example.org,Tuvalu,2022-01-30,Gold
36,Brittney Campbell,jenniferharris@example.net,Timor-Leste,2023-06-02,Bronze
37,Danielle Odonnell,davisrodney@example.com,Aruba,2021-03-15,Platinum
38,Carlos Whitney,joycearnold@example.com,Monaco,2021-04-03,Bronze
39,Tony Vazquez,amydavenport@example.net,Micronesia,2022-06-07,Platinum
40,Andrew Diaz,nolanjason@example.org,Papua New Guinea,2022-01-17,Bronze
41,Justin Baxter,sarayoung@example.org,South Georgia and the South Sandwich Islands,2022-09-05,Gold
42,Allison Doyle,kimberly63@example.com,Cayman Islands,2022-02-02,Gold
43,Andrew Ruiz,lisastevens@example.com,Swaziland,2023-02-09,Silver
44,Matthew Ross,michelle45@example.net,Malawi,2024-07-27,Bronze
45,Sarah Rivera,wilsontara@example.org,Mozambique,2023-06-06,Bronze
46,Kyle Reed,samuel81@example.com,United Arab Emirates,2026-01-28,Silver
47,Andrew Graham,michaeljones@example.net,Uruguay,2023-12-24,Gold
48,Mary Martinez,william65@example.com,Qatar,2023-09-08,Bronze
49,Cheryl Ortega,lbyrd@example.net,Montenegro,2023-09-25,Silver
50,Roy Torres,russellcarpenter@example.net,Gibraltar,2025-02-15,Bronze
51,Michael Dixon,donnacampbell@example.net,North Macedonia,2024-01-09,Platinum
52,Trevor Young,jeffrey32@example.org,Aruba,2023-04-03,Gold
53,Miss Patricia Gibson,jennifercruz@example.com,Ecuador,2022-06-05,Platinum
54,Abigail Potter,osbornejeffery@example.net,Maldives,2025-02-14,Gold
55,David Charles,danderson@example.net,Marshall Islands,2025-12-04,Silver
56,Tiffany Vance,jrivas@example.com,Ukraine,2022-07-11,Gold
57,Karen Green,maryramirez@example.net,Libyan Arab Jamahiriya,2023-03-17,Gold
58,Billy Mitchell,matthew81@example.org,Canada,2023-02-20,Silver
59,Christian Lewis,irussell@example.com,Israel,2021-09-13,Gold
60,Jason Stein,gateskathy@example.com,Lesotho,2021-03-22,Bronze
61,Elizabeth Price,vmedina@example.net,South Georgia and the South Sandwich Islands,2023-01-18,Silver
62,Don Tucker MD,dramsey@example.org,Nigeria,2025-09-18,Silver
63,James Elliott,millerroy@example.com,Cocos (Keeling) Islands,2021-08-07,Silver
64,Garrett Gibson,kathleen64@example.com,El Salvador,2021-11-13,Platinum
65,Paul Williams,jeffrey10@example.org,Zambia,2023-04-11,Platinum
66,Alex Hernandez,thomaswilson@example.org,Lao People's Democratic Republic,2023-05-09,Gold
67,Carol Lawson,stricklandfrank@example.com,Botswana,2026-02-03,Silver
68,Eric Byrd,tsanders@example.org,Belarus,2023-03-28,Gold
69,Raymond Jefferson,hoganashlee@example.org,Guatemala,2025-09-14,Bronze
70,Jacob Hunter,alexander67@example.org,Jersey,2024-04-02,Silver
71,Sandra Zimmerman,hthompson@example.net,Faroe Islands,2025-10-01,Bronze
72,Julie Petersen,marcus31@example.com,Turkmenistan,2025-01-02,Gold
73,John Bishop,frogers@example.com,Cocos (Keeling) Islands,2025-04-26,Platinum
74,Robert Peterson,angela83@example.org,Dominican Republic,2024-08-17,Gold
75,Peter Vaughn DDS,bwest@example.org,French Polynesia,2023-01-21,Bronze
76,David Beck,thomas85@example.com,Samoa,2025-11-07,Silver
77,Michael Nelson,jerry35@example.org,Samoa,2025-09-23,Gold
78,Melissa Lee,lhill@example.net,Nepal,2023-07-31,Silver
79,Dr. Elizabeth Ward,alexis82@example.com,Aruba,2021-08-20,Platinum
80,Melissa Martinez,agarcia@example.net,Finland,2025-03-01,Platinum
81,Glen Sheppard,shelley71@example.org,Iran,2025-05-09,Platinum
82,Mark Brown,lisaavery@example.org,Egypt,2022-03-07,Silver
83,Jennifer Carlson,kimberlyjames@example.com,French Southern Territories,2024-10-26,Gold
84,Marc Lynch,mezajared@example.org,Estonia,2021-11-11,Silver
85,Christopher Jones,ortizhannah@example.com,French Guiana,2021-06-13,Silver
86,Michael Warner,ojones@example.com,Solomon Islands,2022-11-08,Gold
87,Joshua Holland,margaret10@example.org,Somalia,2023-10-15,Platinum
88,Samantha Morse,smartinez@example.com,Reunion,2024-08-05,Platinum
89,Kathryn Snyder,georgepamela@example.net,Gibraltar,2023-04-20,Gold
90,Darryl Craig,keyemily@example.com,Morocco,2021-07-06,Silver
91,Casey Stone,lmoon@example.net,Jordan,2025-05-09,Silver
92,Julie Ortiz,elizabeth25@example.com,Puerto Rico,2025-05-21,Platinum
93,Tony Cervantes,gibsonleonard@example.com,Brazil,2024-08-10,Bronze
94,Samantha Smith,mgutierrez@example.net,Guyana,2025-05-30,Bronze
95,Olivia Harris,sarakim@example.net,Libyan Arab Jamahiriya,2022-03-16,Bronze
96,Mark Lloyd,lancesmith@example.com,Bermuda,2023-01-31,Silver
97,Susan Murray MD,tyronemoran@example.net,Romania,2023-07-01,Silver
98,John Kennedy,yarnold@example.org,Uruguay,2025-06-30,Platinum
99,Breanna Jones,ymorgan@example.net,Ethiopia,2021-03-11,Bronze
100,Edwin Matthews,cgrimes@example.net,Liberia,2024-02-09,Platinum
101,Phillip Bennett,molly39@example.com,Djibouti,2024-08-31,Platinum
102,Patrick Thornton,qhughes@example.net,Canada,2025-05-20,Platinum
103,Beth Sanford,molly71@example.net,United States Minor Outlying Islands,2025-01-21,Gold
104,Charles Pitts,charlesharrington@example.com,Guadeloupe,2024-07-20,Bronze
105,Sarah Phelps,ofinley@example.net,Tuvalu,2025-04-28,Bronze
106,Amanda Jones,wendy16@example.org,Senegal,2022-01-10,Gold
107,Michael Berger,nguyenbrian@example.com,Holy See (Vatican City State),2024-11-01,Gold
108,Joseph Knight,georgemiller@example.com,Niger,2023-03-22,Bronze
109,Mr. David Little MD,nolansteven@example.com,Philippines,2025-10-27,Gold
110,Jeremy Reed,danielle64@example.com,Tanzania,2023-09-28,Platinum
111,James Webb,patrickhoward@example.com,Reunion,2023-09-07,Silver
112,Ronald Foster,knightgina@example.net,Australia,2025-05-25,Platinum
113,Stephanie Parsons,catherinegomez@example.net,Comoros,2023-04-21,Bronze
114,Michelle Hopkins,courtneyberger@example.net,Armenia,2023-10-19,Gold
115,Amanda Diaz,christopherphillips@example.net,Israel,2022-08-31,Silver
116,Richard Walter,alyssa42@example.com,United States Minor Outlying Islands,2025-04-09,Bronze
117,Elizabeth Harrell,mcdonaldcharles@example.org,Tokelau,2024-07-20,Gold
118,Regina Diaz,ismith@example.org,Korea,2024-04-22,Silver
119,Megan Richards,daniel37@example.org,Niger,2025-12-12,Silver
120,Leonard Holland,tblankenship@example.net,Ireland,2022-03-01,Gold
121,Tracy Torres,pwilson@example.net,Burkina Faso,2024-06-23,Silver
122,Michael Paul,umatthews@example.org,Turks and Caicos Islands,2024-09-13,Bronze
123,Sandra Gilbert,antonio53@example.com,Kenya,2023-03-07,Gold
124,Ariana Jennings,bruce43@example.org,Yemen,2025-01-14,Platinum
125,Daniel Fowler,williamsmatthew@example.org,Solomon Islands,2025-12-22,Bronze
126,Ronald Spencer,lisahall@example.org,Solomon Islands,2021-03-12,Bronze
127,William Huerta,lauren10@example.org,American Samoa,2024-03-21,Gold
128,Cynthia Morris,josephmartinez@example.com,Malta,2022-02-20,Gold
129,Karen Strickland,hayesjeffrey@example.net,Aruba,2025-08-10,Silver
130,Mason Johnson,bboone@example.net,Botswana,2025-05-05,Bronze
131,Jill Lam,charlene12@example.com,Nigeria,2026-02-24,Silver
132,Erika Vang,shawn96@example.org,South Africa,2022-02-22,Bronze
133,Marilyn Mack,russellbeasley@example.com,Guadeloupe,2025-01-10,Bronze
134,Nicholas Edwards,elizabeth52@example.net,Uzbekistan,2025-03-16,Platinum
135,Ronald Davis,garnernathan@example.org,Moldova,2021-09-06,Bronze
136,Kristina Rivera,jenkinsmorgan@example.com,Trinidad and Tobago,2021-08-10,Silver
137,Lindsay Bell,ericolson@example.org,Guernsey,2025-11-26,Silver
138,Phillip Andrews,xbruce@example.net,Nicaragua,2025-11-27,Platinum
139,Timothy Gallegos,anthony44@example.com,Guernsey,2021-03-22,Silver
140,Charles Sandoval,thomascynthia@example.org,Bermuda,2025-09-07,Gold
141,Jason Peterson,larry59@example.net,Belize,2021-08-14,Platinum
142,Paul Williams,nelsonebony@example.com,New Caledonia,2024-12-06,Silver
143,Daniel Hunt,russell49@example.com,Malta,2023-10-18,Silver
144,James Greene,harrissierra@example.org,Serbia,2023-05-06,Gold
145,Bryan Jimenez,ythompson@example.net,Romania,2023-02-16,Platinum
146,Sandra Drake,sandersjudy@example.com,Andorra,2025-01-30,Gold
147,Shannon Johnston,amckinney@example.com,Brazil,2024-08-13,Platinum
148,Frederick Solis,xcollier@example.org,Jordan,2022-01-26,Platinum
149,Kevin Warren,vharrell@example.com,Cyprus,2024-01-02,Bronze
150,Angela Schultz,rebeccabailey@example.net,Svalbard & Jan Mayen Islands,2022-06-05,Silver
151,Charles Gonzalez,kathleenrios@example.org,Zambia,2025-05-17,Silver
152,Justin Riley,michelle52@example.com,Bangladesh,2025-02-27,Bronze
153,Eric Hill,bellcharles@example.com,Korea,2021-06-28,Gold
154,Ronald Jones,gilbertwilliam@example.com,Mozambique,2025-11-20,Bronze
155,Nancy Williams,marcalvarez@example.org,Bahamas,2025-01-01,Silver
156,Steven Cooper,wagnergerald@example.org,Russian Federation,2024-11-23,Silver
157,Kelly Bishop MD,paul59@example.org,Somalia,2024-01-07,Bronze
158,Brandon Gregory,johnathan92@example.com,Belgium,2026-02-16,Bronze
159,Sydney Collins,tanderson@example.org,Georgia,2025-12-04,Bronze
160,Rickey Li,lucasrodney@example.com,Andorra,2024-04-03,Silver
161,Trevor Peterson,ilee@example.org,Belarus,2023-09-08,Bronze
162,Ashley Wise,stanleynancy@example.net,Bulgaria,2024-05-17,Bronze
163,Christopher Schwartz,jenniferwilliams@example.com,Philippines,2023-03-11,Gold
164,Lisa Goodwin,pyoung@example.com,Sudan,2025-02-28,Bronze
165,Cheyenne Gregory,smurray@example.com,Macao,2025-08-28,Silver
166,Christopher Gonzalez,moniquewilliams@example.com,Tunisia,2024-04-30,Gold
167,Ashley Singleton,mitchellkathryn@example.com,Korea,2025-07-15,Platinum
168,Jeffrey Potts,lisawilkerson@example.org,Israel,2021-08-16,Silver
169,James Hughes,brooksanthony@example.org,Taiwan,2024-01-09,Silver
170,Brenda Mitchell,ihorton@example.net,Latvia,2024-12-26,Platinum
171,Susan Smith,marydunn@example.net,New Caledonia,2025-08-29,Silver
172,Ricardo Young,williamsrobert@example.net,Kuwait,2021-09-15,Platinum
173,Taylor Carlson,chenbailey@example.net,Cambodia,2023-08-25,Platinum
174,Lucas Allen,qlopez@example.org,Malta,2024-03-28,Silver
175,Joseph Romero,myerstheodore@example.net,Iceland,2024-05-06,Bronze
176,Alan Kramer,john19@example.net,Saudi Arabia,2024-01-01,Bronze
177,Harold Morgan,mariacohen@example.net,Lesotho,2022-09-21,Platinum
178,Amy Parsons,mjohnson@example.org,Somalia,2022-11-13,Gold
179,Emily Collins,ihays@example.com,El Salvador,2021-06-25,Platinum
180,Cheryl Kelly,glennmartin@example.org,South Georgia and the South Sandwich Islands,2024-04-20,Platinum
181,James Gonzales,lmorgan@example.com,Puerto Rico,2025-05-27,Platinum
182,Robert Adams,acostachristian@example.net,Swaziland,2022-09-15,Bronze
183,Erica Miller,kirk96@example.org,Portugal,2024-12-12,Bronze
184,Andrew Berg,christina64@example.net,Somalia,2021-08-29,Bronze
185,Mark Cox,stephaniethomas@example.net,Philippines,2024-11-24,Platinum
186,Austin Osborne,michael90@example.net,Cape Verde,2024-12-30,Gold
187,Jacqueline Hines,alyssasanders@example.net,Fiji,2023-04-18,Bronze
188,Allison Lopez,hmcintyre@example.com,Singapore,2023-05-21,Silver
189,Cindy Carr,igonzalez@example.org,Korea,2022-08-22,Silver
190,Jill Miller,elizabeth18@example.net,French Guiana,2023-09-21,Silver
191,Michelle Ho,laurahicks@example.org,Cook Islands,2022-05-09,Platinum
192,Johnny Ward,tanner82@example.net,Turks and Caicos Islands,2021-11-26,Silver
193,James Love,xfox@example.com,Swaziland,2026-01-23,Platinum
194,William Day,howens@example.com,Brunei Darussalam,2025-11-10,Silver
195,Catherine Burch,dshaw@example.org,Maldives,2022-06-22,Gold
196,Christopher Donovan,michaeleverett@example.com,Tanzania,2021-11-04,Platinum
197,Mark Pierce,colleenmendez@example.org,Macao,2022-08-09,Silver
198,Lauren Jackson,megan90@example.org,Belgium,2021-07-23,Bronze
199,Patricia Baker,katiebutler@example.net,Antarctica (the territory South of 60 deg S),2025-05-29,Platinum
200,Kimberly May,timothy64@example.com,Barbados,2021-09-06,Bronze
201,Jason Marshall,catherine55@example.net,Tokelau,2024-02-10,Bronze
202,Bianca Wood,floressteven@example.com,Korea,2023-04-13,Bronze
203,Anthony Dougherty,kwright@example.com,Vietnam,2026-01-31,Bronze
204,Cheryl Moore,tjimenez@example.com,Angola,2021-12-08,Silver
205,Kathy Levy,brandywilliams@example.com,Lithuania,2025-03-05,Silver
206,Adam Rodriguez,nicoleluna@example.com,Haiti,2021-07-22,Platinum
207,Kelly Lee,charles87@example.net,Fiji,2022-03-08,Platinum
208,Brent Brooks,angela52@example.org,Netherlands,2025-07-02,Platinum
209,Andrew Williams,linda87@example.org,New Caledonia,2025-07-22,Silver
210,Timothy Flores,vewing@example.com,Nauru,2024-01-13,Platinum
211,Katrina Burns,thomas05@example.com,Peru,2022-02-07,Bronze
212,Lauren Robles,carlsonjoseph@example.net,Slovenia,2026-02-03,Silver
213,Mikayla Silva,alexandriagriffith@example.com,Cameroon,2023-03-26,Platinum
214,Travis Rodriguez,alexanderrobert@example.com,Portugal,2022-11-27,Bronze
215,Reginald Knapp,thorntonapril@example.net,Greece,2025-03-29,Platinum
216,Emily Thompson,amy49@example.com,Congo,2023-04-08,Gold
217,Edwin David,kellie37@example.com,Lesotho,2024-02-20,Platinum
218,Taylor Griffith,david86@example.com,Svalbard & Jan Mayen Islands,2024-02-09,Gold
219,Regina Roberts,stephanie15@example.com,Palau,2023-05-09,Platinum
220,Cindy Clayton,sarah42@example.org,Nicaragua,2026-03-01,Platinum
221,Anthony Stein,danawilliams@example.com,Greenland,2025-03-10,Silver
222,Randy Smith,richarddonovan@example.com,Lesotho,2022-11-13,Silver
223,Donna Mitchell,velezchristopher@example.net,Djibouti,2025-09-21,Gold
224,Sarah Johnson,robertmonroe@example.org,Taiwan,2024-07-19,Silver
225,Charlotte Curry,nancy04@example.net,Netherlands,2022-01-31,Bronze
226,Frances Gibson,ismall@example.net,Lao People's Democratic Republic,2023-06-29,Bronze
227,Brian Martin,twong@example.org,American Samoa,2024-01-15,Gold
228,Laura Todd,cherylfowler@example.com,Sweden,2024-10-22,Bronze
229,Angie Caldwell,tinawoods@example.org,Albania,2023-05-23,Bronze
230,Jeremy Adams,kevin90@example.com,Palau,2024-03-25,Platinum
231,Amy Wilson,erik84@example.net,British Indian Ocean Territory (Chagos Archipelago),2023-09-06,Silver
232,Daniel Bernard,vhernandez@example.net,Holy See (Vatican City State),2024-09-15,Bronze
233,Susan Todd,kathleenbecker@example.net,Tunisia,2021-11-13,Bronze
234,Kelsey Cox,brownamy@example.net,Cook Islands,2026-01-16,Silver
235,Carmen Bond,nwilson@example.net,Myanmar,2025-04-30,Bronze
236,Jordan Stokes,aanderson@example.com,Mongolia,2021-08-30,Bronze
237,Megan Parker,fosterlisa@example.net,Cuba,2026-02-02,Silver
238,Jeff Graves,michaelcesar@example.com,Antigua and Barbuda,2023-08-12,Platinum
239,Randy Cannon,ybrooks@example.com,Trinidad and Tobago,2024-05-19,Bronze
240,Michael Stanley,desireebailey@example.org,Mauritania,2024-07-07,Silver
241,Monica Walker,avilatiffany@example.com,Peru,2025-10-20,Bronze
242,James Hall,rreed@example.org,Vietnam,2022-02-17,Bronze
243,Matthew Mendez,allencarlos@example.net,Antigua and Barbuda,2024-12-20,Platinum
244,Michele Williams,moralesjimmy@example.org,Saudi Arabia,2021-08-26,Gold
245,Wyatt Young,barbara53@example.com,Turkey,2022-05-23,Gold
246,Ms. Jennifer Hill,conniesimmons@example.com,Australia,2024-02-07,Silver
247,Megan Floyd,heather62@example.com,Honduras,2022-09-26,Gold
248,Kara Atkinson,meredith27@example.org,Monaco,2024-09-06,Silver
249,Kristin Anderson,jonathanrivera@example.org,Uzbekistan,2024-12-30,Gold
250,Anna Hardy,brettbennett@example.net,Netherlands,2021-07-04,Platinum
251,Chelsea Gill,timothybooth@example.com,Gabon,2021-04-20,Silver
252,Colton Figueroa,srocha@example.net,Romania,2022-11-29,Gold
253,David Morris,oscar85@example.com,Eritrea,2024-03-25,Platinum
254,Kathleen Garcia,ugill@example.org,Heard Island and McDonald Islands,2023-11-01,Gold
255,Justin Walker,allentran@example.net,Mozambique,2024-09-21,Bronze
256,Craig Hall,victorpena@example.net,Guadeloupe,2023-05-12,Bronze
257,Katherine Cummings,umurray@example.com,Chile,2022-05-12,Platinum
258,Katherine Stark,warrenmary@example.org,Western Sahara,2021-08-01,Bronze
259,Jennifer Kirby,carloshernandez@example.org,Madagascar,2025-01-18,Bronze
260,Luke Estrada,bhopkins@example.org,Martinique,2025-11-11,Silver
261,Alan Bowen,andre62@example.org,Uruguay,2021-12-28,Gold
262,Daisy Harvey,lisa46@example.org,Holy See (Vatican City State),2024-08-16,Silver
263,David Terry,gabriella10@example.org,Iraq,2024-05-25,Gold
264,John Walsh,christopherbruce@example.net,Slovenia,2023-12-28,Bronze
265,Shannon Davis,hallrachel@example.net,Tuvalu,2025-12-28,Silver
266,Anthony Jones,rachel90@example.org,Vanuatu,2023-11-06,Gold
267,Daniel Thomas,thickman@example.org,Mongolia,2023-03-21,Gold
268,Sarah Rhodes,patrick21@example.net,Samoa,2024-02-11,Silver
269,Jeffrey Roberson,cassie99@example.com,Singapore,2023-12-13,Platinum
270,Donald Riddle,jperez@example.com,Jersey,2022-10-02,Gold
271,Mary Miller,lauren11@example.com,Cape Verde,2024-05-27,Bronze
272,Madison Singh,michael10@example.com,Kenya,2024-03-26,Gold
273,Ashley Miller,jcole@example.net,Ireland,2022-01-18,Bronze
274,Hector Davis,michelle04@example.com,Iceland,2021-11-22,Silver
275,Kristin Haney,ashleyjackson@example.com,Chile,2022-05-09,Gold
276,Derrick Thomas,ryanfisher@example.com,Slovenia,2021-10-28,Bronze
277,Tony Le,mwheeler@example.com,Botswana,2022-04-28,Bronze
278,Travis Cook,vbrock@example.com,Grenada,2024-10-31,Silver
279,Shannon Mccann,kevinmorrison@example.net,Cook Islands,2025-03-31,Gold
280,Vincent Novak,jessica79@example.org,Greece,2024-05-15,Gold
281,Richard Diaz,brittanygardner@example.net,Seychelles,2025-11-07,Silver
282,Nicholas Hahn,samuelcarter@example.net,Bangladesh,2024-08-26,Gold
283,Brenda Turner,donna66@example.org,Kiribati,2025-03-31,Silver
284,Kimberly Mclean,ystephens@example.com,Reunion,2025-09-27,Gold
285,Suzanne Rodriguez,dianekelly@example.net,New Zealand,2021-07-19,Platinum
286,Maria Lucas,tammy61@example.org,Bolivia,2023-05-16,Gold
287,Paul Grant,seanmyers@example.net,Namibia,2025-06-05,Bronze
288,Zachary Webb,robert11@example.net,Cambodia,2024-02-19,Bronze
289,Jesse Clark,gbailey@example.com,Saint Helena,2025-01-07,Platinum
290,Eric Patrick,johnsonmatthew@example.org,Philippines,2022-07-27,Gold
291,Natalie Black,marksimmons@example.com,Djibouti,2024-08-13,Bronze
292,Charlotte Sandoval,njohnson@example.org,Korea,2024-10-28,Bronze
293,Michael Harris,raylauren@example.net,Colombia,2024-04-13,Gold
294,Jim Baker,orose@example.com,Nepal,2024-06-23,Silver
295,Laurie Bailey,rwilliamson@example.net,South Georgia and the South Sandwich Islands,2023-09-14,Gold
296,Leslie Powers,david41@example.org,Holy See (Vatican City State),2022-05-17,Silver
297,Jennifer Taylor,fhenderson@example.net,Mauritania,2022-08-24,Platinum
298,Katherine Taylor,megan90@example.com,Zambia,2021-04-02,Platinum
299,Mr. James Hoffman,fortiz@example.com,Russian Federation,2024-12-11,Bronze
300,Bradley Johnson DDS,antonio38@example.com,Chile,2025-01-22,Bronze
301,Patricia Simpson,armstrongjoseph@example.net,Swaziland,2024-04-16,Bronze
302,Nicole Wolf,bpayne@example.org,Saint Pierre and Miquelon,2023-04-12,Silver
303,Zachary Cole,michelle17@example.org,Singapore,2023-03-10,Bronze
304,Oscar Norris,imartin@example.org,Suriname,2022-12-06,Gold
305,Laura Patel,mariopadilla@example.com,Montserrat,2023-06-12,Silver
306,Kayla Mccullough,taylorkaren@example.com,Uruguay,2021-09-04,Platinum
307,Sharon Martinez DVM,dustinmorris@example.org,Senegal,2024-07-06,Silver
308,Kenneth Adams MD,yjones@example.org,Iraq,2025-07-22,Bronze
309,Melissa Wiley,uclements@example.net,Afghanistan,2021-12-18,Gold
310,Judy Beck,melissa86@example.org,Japan,2022-12-22,Gold
311,Frank Campbell MD,ashleewashington@example.com,Uganda,2021-08-01,Bronze
312,Mark Copeland,martinezmia@example.com,Korea,2021-03-06,Gold
313,Jessica Forbes DVM,erik41@example.net,Guyana,2023-04-20,Silver
314,Matthew Banks,sanderskevin@example.net,Saudi Arabia,2023-03-01,Silver
315,Brandon Davis,thomasanderson@example.org,Maldives,2024-12-15,Bronze
316,Michael Montoya,ebenson@example.org,Denmark,2024-06-06,Gold
317,Robert Garcia,nicole26@example.org,Norway,2022-05-21,Platinum
318,Justin Bishop,scottbowen@example.net,San Marino,2022-06-17,Silver
319,Lisa Ramos,christophergarcia@example.org,Namibia,2024-06-09,Silver
320,Jeffrey Moody,joshuamiller@example.net,Netherlands Antilles,2023-08-06,Silver
321,Melissa Abbott,jamie98@example.org,San Marino,2024-07-03,Silver
322,Anthony Hurst,troyrodriguez@example.com,Northern Mariana Islands,2021-10-10,Platinum
323,Vanessa Hatfield,david96@example.com,Mayotte,2022-08-22,Bronze
324,Tiffany Townsend,matthewsalexander@example.org,Armenia,2021-09-07,Silver
325,Jennifer Mitchell,zhenderson@example.org,Northern Mariana Islands,2025-09-26,Gold
326,Brittany Miller,dixonjames@example.org,Mauritania,2023-12-14,Platinum
327,Mark Davenport,collinssamuel@example.org,Azerbaijan,2023-04-02,Silver
328,Jeffrey Chavez,parkerjudith@example.net,China,2022-03-10,Gold
329,Chad Smith,hbenton@example.net,Slovenia,2023-05-18,Silver
330,Cameron Norman,jessica10@example.com,Sri Lanka,2024-10-27,Bronze
331,Austin Joseph,crawfordwilliam@example.org,Luxembourg,2025-12-29,Platinum
332,Christopher Ayala,perezwilliam@example.org,Togo,2021-04-11,Bronze
333,John Reyes,haroldhorne@example.org,Micronesia,2024-09-26,Platinum
334,David Moon,joseph19@example.com,British Indian Ocean Territory (Chagos Archipelago),2025-06-10,Silver
335,Amy Walker,finleycasey@example.com,Tonga,2023-07-29,Silver
336,Emily Miller,msmith@example.com,Mongolia,2023-10-04,Platinum
337,Dana Richardson,xcuevas@example.org,Saint Martin,2025-10-27,Gold
338,Danielle Smith,ijohnson@example.com,North Macedonia,2021-04-02,Gold
339,April Sandoval,dalton83@example.com,Liechtenstein,2021-09-06,Silver
340,Brenda Ramirez,morsephyllis@example.net,Isle of Man,2024-05-04,Silver
341,Paul Carpenter,danafoster@example.net,Montenegro,2021-09-13,Bronze
342,Victor Young,melissa65@example.com,Korea,2023-06-26,Silver
343,Tony Taylor,moorefrank@example.com,Germany,2024-08-17,Platinum
344,Hunter Townsend,qparker@example.org,Bermuda,2022-07-06,Gold
345,Elizabeth Bush,lewismelissa@example.org,Bermuda,2023-04-14,Gold
346,Jennifer Williams,jorge20@example.com,Timor-Leste,2025-01-06,Bronze
347,Krista Davis,laradonald@example.org,Bahamas,2023-01-23,Gold
348,Rodney Watson,aguilarjonathan@example.org,Angola,2021-09-20,Gold
349,Matthew Lamb,steinmaria@example.com,British Virgin Islands,2021-07-14,Platinum
350,Amber Glass,zunderwood@example.com,Antarctica (the territory South of 60 deg S),2024-06-05,Gold
351,Carrie Lewis,joshuagriffin@example.org,Antigua and Barbuda,2023-04-06,Bronze
352,Kathleen Andrade,rbrown@example.com,Burundi,2024-09-26,Bronze
353,Stephen Fox,mayokimberly@example.com,Lesotho,2025-10-20,Gold
354,Hailey Cunningham,paul20@example.com,Nepal,2023-01-13,Silver
355,Robert Campbell,xmoreno@example.net,Djibouti,2022-07-12,Gold
356,Matthew Adams,gallagherstacie@example.net,Tanzania,2024-06-22,Bronze
357,Ryan Bruce,joelstewart@example.net,Qatar,2024-03-22,Bronze
358,Alyssa Haynes,annalopez@example.com,Mauritius,2023-10-20,Platinum
359,Andrew Brown,andrewwoods@example.com,United States Virgin Islands,2022-11-19,Gold
360,Gina Thompson,brian29@example.net,United States Virgin Islands,2022-05-18,Gold
361,Sarah Valencia,brookssheri@example.com,Namibia,2022-01-11,Platinum
362,Frank Daugherty,fconner@example.net,Ghana,2022-08-27,Bronze
363,Kristina Preston,jeffrey92@example.com,Gambia,2023-09-05,Platinum
364,Nicholas Rush,xrosales@example.net,Antigua and Barbuda,2022-09-20,Silver
365,Tammy Ponce,daniellegarcia@example.com,Cambodia,2023-12-27,Gold
366,Cynthia Haas,daisymccarty@example.net,Paraguay,2024-01-11,Bronze
367,Derek Wright,bellkristin@example.net,Afghanistan,2021-07-31,Platinum
368,Nicholas Costa,ysnyder@example.com,Mayotte,2024-05-13,Bronze
369,John Shields,franciscojones@example.org,French Polynesia,2021-05-05,Silver
370,Trevor Jones,pamelamartin@example.org,Mexico,2021-12-18,Gold
371,William Barry,reynoldsdesiree@example.net,Tuvalu,2024-11-12,Platinum
372,Brian Harris,robertspencer@example.net,Mauritius,2023-06-06,Bronze
373,Elizabeth Davis,farmstrong@example.org,Austria,2024-03-29,Gold
374,Brandon Colon,bgonzalez@example.org,Chile,2023-08-27,Gold
375,Kara Wilson,qruiz@example.com,Bermuda,2025-10-19,Bronze
376,Jacob James,seanbaker@example.com,Estonia,2023-02-04,Gold
377,Kristy Hernandez,millermaurice@example.net,Isle of Man,2023-02-08,Gold
378,Sara Cardenas,rsheppard@example.com,Montserrat,2023-03-06,Platinum
379,Blake Orr,shawrachel@example.net,Philippines,2022-06-05,Gold
380,Peter Thompson,teresastokes@example.org,Armenia,2024-10-09,Platinum
381,Michael Harris,maryscott@example.net,United States Virgin Islands,2021-09-28,Gold
382,Justin Arnold,april09@example.net,Mali,2024-09-27,Silver
383,Chase Knight,buckleyanna@example.org,Solomon Islands,2023-08-09,Silver
384,Sheryl Humphrey,patrick79@example.net,Lebanon,2021-06-28,Platinum
385,Jamie Montgomery,vwilliams@example.net,Dominica,2021-08-04,Platinum
386,Tammie Prince,morganlaura@example.com,Fiji,2025-05-09,Silver
387,Melinda Compton,dennismccann@example.com,Singapore,2023-11-25,Gold
388,Jason Brewer,scottmcintyre@example.com,Saint Vincent and the Grenadines,2025-04-17,Platinum
389,Sharon Nicholson,cameronmckinney@example.com,Burkina Faso,2025-08-18,Bronze
390,Alyssa Lee,marywright@example.com,Australia,2024-03-27,Gold
391,Denise Colon,hreid@example.net,Antarctica (the territory South of 60 deg S),2023-03-25,Gold
392,Kirk Thompson,wmatthews@example.com,Central African Republic,2023-05-16,Silver
393,Melissa Mitchell,kwilliams@example.org,Togo,2023-01-20,Platinum
394,Megan Adams,xpalmer@example.net,Algeria,2025-03-15,Gold
395,Maria Burke,walkercharlene@example.com,Rwanda,2023-07-07,Platinum
396,James Bailey,jeffery48@example.net,Indonesia,2026-02-21,Platinum
397,Jorge Bates,anna99@example.com,French Southern Territories,2022-02-02,Platinum
398,Mr. Donald Nguyen,jose43@example.org,Maldives,2023-03-20,Silver
399,Renee Lang,rguerrero@example.org,Saint Helena,2021-05-22,Platinum
400,Yolanda Green,vsullivan@example.org,Myanmar,2026-01-14,Silver
401,Grace Reeves,qknox@example.com,Madagascar,2023-09-22,Bronze
402,Sara Walter,kellyruiz@example.net,Eritrea,2025-12-04,Gold
403,Catherine Frazier,destiny35@example.org,Samoa,2023-10-14,Gold
404,Stephen Watson,steven17@example.org,Tonga,2026-02-19,Bronze
405,Lisa Kennedy,vincentdillon@example.com,Marshall Islands,2023-09-16,Silver
406,Seth Hernandez,matthewbenitez@example.com,Cambodia,2023-11-11,Gold
407,Catherine Miller,crystal25@example.net,Azerbaijan,2021-03-18,Silver
408,Daniel Ayala,tracygallagher@example.org,Bulgaria,2024-11-10,Silver
409,Jennifer Sanford,ismith@example.org,Saint Martin,2024-05-06,Silver
410,Stephanie Sherman,andrewsmith@example.net,Egypt,2023-02-04,Bronze
411,Haley Anderson,tgordon@example.org,Bahrain,2021-07-24,Bronze
412,Earl Luna,ryan25@example.com,Guinea-Bissau,2022-10-10,Silver
413,Terry Burnett,perezjessica@example.org,Croatia,2021-05-11,Platinum
414,Caroline Richardson,brooksdanielle@example.net,Nigeria,2021-08-01,Bronze
415,Amber Rodriguez,williamsdarrell@example.com,Hong Kong,2022-03-22,Platinum
416,Kara Hernandez,turnerdorothy@example.net,Mali,2023-06-20,Platinum
417,Mercedes Barnes,huntchristine@example.com,Brazil,2022-01-28,Silver
418,Mr. Richard Decker DVM,jade42@example.org,Mexico,2025-05-24,Platinum
419,Melissa Castillo,aaronpowers@example.org,Syrian Arab Republic,2026-01-20,Platinum
420,Brittany Davis,cummingscraig@example.com,Norway,2023-02-20,Platinum
421,William Baker,garciagregg@example.org,Timor-Leste,2023-08-23,Silver
422,Michael Simmons,daviskatherine@example.org,Algeria,2022-05-07,Silver
423,Carolyn Howard,rfriedman@example.net,Bermuda,2024-05-04,Bronze
424,Catherine Morales,ynelson@example.net,Thailand,2025-03-28,Bronze
425,Mariah Robles,andersonjessica@example.org,Bosnia and Herzegovina,2024-09-16,Platinum
426,Karen Carroll,ywhite@example.com,New Zealand,2021-06-01,Silver
427,Sheryl Acosta,timothyfreeman@example.com,Kazakhstan,2021-07-24,Silver
428,Matthew Smith,tiffanysantiago@example.com,Maldives,2025-08-15,Platinum
429,Lisa Reynolds,timothyalvarado@example.net,Hungary,2022-06-08,Bronze
430,Kristin Huerta,smithsarah@example.net,Thailand,2025-03-01,Silver
431,Sheila Jones,vflores@example.com,Australia,2025-06-25,Bronze
432,Mason Powell,christianwallace@example.net,Kiribati,2021-12-02,Platinum
433,Jillian Wilson,bmcgee@example.org,Iraq,2024-09-05,Silver
434,Joshua Petersen,pamela83@example.net,Paraguay,2025-01-19,Platinum
435,Heidi Brown,meganrivera@example.net,Netherlands Antilles,2025-03-12,Gold
436,Heidi Chavez,malonejeffrey@example.com,Guinea,2023-08-28,Platinum
437,Jacqueline Rodriguez,travisunderwood@example.net,Saint Helena,2024-08-26,Platinum
438,Levi Lopez,ylewis@example.org,Saint Barthelemy,2024-01-17,Platinum
439,Jason House,bartonshannon@example.net,Namibia,2025-06-17,Silver
440,Jonathan Moreno,tranryan@example.net,Liberia,2025-06-30,Platinum
441,Susan Holt,jessicaanderson@example.com,Palestinian Territory,2023-11-28,Platinum
442,Janice Petty,joshuastuart@example.com,Korea,2022-04-22,Gold
443,Lance Tanner,megan85@example.net,Saint Pierre and Miquelon,2025-11-17,Silver
444,Christina Weber,glenda22@example.net,Mauritius,2023-11-30,Gold
445,Paige Hart,icraig@example.com,Turkey,2024-10-06,Platinum
446,Kelly Johnson,brianbrown@example.com,Sao Tome and Principe,2022-07-17,Silver
447,Miss Brianna Brown,james80@example.com,Suriname,2025-01-08,Gold
448,Sean Stevenson,juliahoffman@example.org,Malawi,2023-08-14,Platinum
449,Amber James,rfrye@example.com,Micronesia,2021-08-18,Bronze
450,David Oliver,ogreer@example.net,Russian Federation,2024-04-19,Gold
451,Kimberly Morrison,kellythompson@example.net,Belarus,2022-10-05,Silver
452,Nancy Wilson,pattersonangela@example.org,Central African Republic,2026-02-20,Gold
453,Abigail Owens,billmcfarland@example.net,Austria,2023-09-25,Gold
454,Kenneth Howard DDS,alicia28@example.org,Solomon Islands,2025-06-20,Gold
455,Joshua Powell,jeffrey35@example.com,Guyana,2023-09-02,Bronze
456,Paul Moreno,wilsonmichael@example.org,United Kingdom,2023-03-31,Silver
457,Melanie Flores,cruzamber@example.com,Anguilla,2025-07-26,Silver
458,Jaime Lang,stucker@example.net,Congo,2023-11-24,Silver
459,Tiffany Jackson,simsjason@example.net,Singapore,2022-12-26,Platinum
460,Jessica Garcia,elucas@example.net,Poland,2022-06-24,Silver
461,Mitchell Johnson,brownlaura@example.net,Barbados,2026-01-23,Silver
462,Susan Russell,bmccoy@example.com,Andorra,2024-06-26,Bronze
463,Kimberly May,avilabrenda@example.net,Thailand,2021-10-15,Platinum
464,Jonathan Roberts,catherine47@example.com,Indonesia,2021-06-07,Platinum
465,Joseph Taylor,irobles@example.com,North Macedonia,2022-05-25,Gold
466,Stephen Sanford,susan08@example.net,Cambodia,2022-03-21,Platinum
467,Kenneth Long,torreskaitlin@example.net,Guatemala,2022-12-21,Platinum
468,Matthew Hunt,jackjensen@example.com,Congo,2022-02-23,Bronze
469,Robert Phelps,enewman@example.com,Paraguay,2021-09-29,Silver
470,Craig Carpenter,michael31@example.com,Niger,2021-10-06,Platinum
471,Emily Hayes,heather29@example.net,Haiti,2023-11-11,Platinum
472,Caroline Edwards,jenniferdavidson@example.com,Tajikistan,2024-03-24,Bronze
473,Nicholas Humphrey,xgriffin@example.com,Libyan Arab Jamahiriya,2025-11-11,Platinum
474,Matthew Miller,michele28@example.org,Estonia,2021-10-27,Platinum
475,Stephanie Atkinson,hessbeth@example.net,Croatia,2021-06-25,Bronze
476,Kimberly Lutz,jvaldez@example.com,India,2023-01-26,Gold
477,Leah Vincent,stevendixon@example.com,Haiti,2025-06-11,Gold
478,David Maynard,katherinetaylor@example.org,Christmas Island,2025-12-27,Platinum
479,Mary Faulkner,ccrosby@example.org,Senegal,2025-04-27,Platinum
480,Dennis Young,aprilmoody@example.com,Latvia,2025-01-14,Silver
481,Amanda Wong,padillaadrienne@example.com,Syrian Arab Republic,2023-05-31,Platinum
482,Laura Bennett,pdiaz@example.org,Maldives,2023-04-24,Silver
483,Terry Black,lisa57@example.com,Tuvalu,2021-03-24,Gold
484,Brenda Martin,robertsonjuan@example.org,Colombia,2022-07-05,Platinum
485,Mitchell Wilson,robertrivera@example.org,Liberia,2025-03-30,Platinum
486,Kevin Holland,cjohnson@example.org,Montserrat,2022-07-17,Bronze
487,Jose Macdonald,brianscott@example.org,Maldives,2024-08-14,Platinum
488,Kristy Smith,stacey37@example.net,Latvia,2025-04-08,Gold
489,Ronald Burke,cindydixon@example.org,Saint Kitts and Nevis,2024-02-01,Platinum
490,Linda Jones,gcruz@example.org,Cook Islands,2025-08-14,Silver
491,Kathy Barnes,catherinethompson@example.net,Netherlands Antilles,2021-07-03,Platinum
492,Kim Goodwin,olsondavid@example.net,Mauritius,2021-03-07,Silver
493,Patricia Banks,cwood@example.net,Marshall Islands,2024-10-26,Bronze
494,Robert Clarke,zbell@example.net,United States of America,2026-01-26,Platinum
495,Cesar Woods,reneemiller@example.net,Turkey,2025-10-18,Bronze
496,Colin Fletcher,lanedavid@example.org,Honduras,2022-12-02,Bronze
497,Emily Cox,ronaldrichards@example.com,Timor-Leste,2025-09-24,Platinum
498,Jacob Hill,afischer@example.net,Slovenia,2025-11-30,Silver
499,Mr. Justin King,becky62@example.net,British Indian Ocean Territory (Chagos Archipelago),2023-02-15,Platinum
500,Michael Martin,williamhartman@example.net,Nicaragua,2021-08-12,Silver
